Schreibweise in den Daten,Vereinheitlicht,Landesverband
,NA,NA
2.0,2.0,Ostwerk
2.0 - Berlin,2.0,Ostwerk
-Versmold,Versmold,Ostwestfalen-Lippe
Augustfehn-Apen,Augustfehn-Apen,Nord
Augustfehn/Apen,Augustfehn-Apen,Nord
Bad Zwischenahn,Bad Zwischenahn,Nord
Berlin,2.0,Ostwerk
Bochum,Bochum,Bergischland-Ruhrgebiet (BLRG)
Borken,Borken,Niederrhein
Brackwede Quelle,Brackwede-Quelle,Ostwestfalen-Lippe
Brackwede-Quelle,Brackwede-Quelle,Ostwestfalen-Lippe
Bremen,Bremen,Nord
Burgaltendorf,Burgaltendorf,Bergischland-Ruhrgebiet (BLRG)
Coswig,Coswig,Sachsen
Duisburg,Duisburg,Niederrhein
Ehringen,Ehringen,Hessen
Eschwege,Eschwege,Hessen
Frankfurt (O.),Frankfurt (Oder),Ostwerk
Frankfurt (Oder),Frankfurt (Oder),Ostwerk
Frankfurt Oder,Frankfurt (Oder),Ostwerk
frankfurt (Oder),Frankfurt (Oder),Ostwerk
Hagen,Hagen,Bergischland-Ruhrgebiet (BLRG)
Homberg,Homberg (Efze),Hessen
Homberg (Efze),Homberg (Efze),Hessen
Homberg Efze,Homberg (Efze),Hessen
KNETTERHEIDEü•≥ü•≥ü•≥,Knetterheide,Ostwestfalen-Lippe
Knetterheide,Knetterheide,Ostwestfalen-Lippe
L√ºbbecke,L√ºbbecke,Ostwestfalen-Lippe
L√ºbbeke,L√ºbbecke,Ostwestfalen-Lippe
l√ºbbecke,L√ºbbecke,Ostwestfalen-Lippe
Moers,Moers,Niederrhein
Moormerland,Moormerland,Nord
Osten ( Frankfurt ( Oder ) ),Frankfurt (Oder),Ostwerk
Ostrhauderfehn,Ostrhauderfehn,Nord
"Quelle, Bielefeld",Brackwede-Quelle,Ostwestfalen-Lippe
Rheda-Wiedenbr√ºck,Rheda-Wiedenbr√ºck,Ostwestfalen-Lippe
Rudolstadt,Rudolstadt,Th√ºringen
Solingen,Solingen,Niederrhein
Sonneberg,Sonneberg,Th√ºringen
TS Versmold,Versmold,Ostwestfalen-Lippe
Versmold,Versmold,Ostwestfalen-Lippe
Weimar,Weimar,Th√ºringen
Zeulenroda,Zeulenroda,Th√ºringen
Zeulnroda,Zeulenroda,Th√ºringen
Zeuthen,Zeuthen,Ostwerk
